entidad,subsector,UE_sin_ventas,UE_con_ventas
1,112,14,0
1,114,18,0
1,115,5,0
1,212,16,0
1,213,3,0
1,221,11,2
1,236,127,93
1,237,49,34
1,238,87,18
1,311,1559,47
1,312,195,6
1,313,19,3
1,314,203,23
1,315,410,33
1,316,39,5
1,321,433,14
1,322,72,10
1,323,220,47
1,324,1,0
1,325,56,14
1,326,77,18
1,327,237,16
1,331,15,3
1,332,937,70
1,333,63,17
1,334,13,4
1,335,7,2
1,336,82,18
1,337,365,26
1,339,180,29
1,431,424,38
1,432,53,10
1,433,85,19
1,434,904,103
1,435,336,111
1,436,55,19
1,437,4,1
1,461,8674,95
1,462,603,36
1,463,3113,160
1,464,783,51
1,465,3059,85
1,466,1597,135
1,467,1497,80
1,468,1072,152
1,469,4,1
1,483,3,0
1,484,76,42
1,485,42,9
1,487,2,2
1,488,62,12
1,491,1,0
1,492,4,1
1,493,2,2
1,511,16,6
1,512,5,10
1,515,8,1
1,517,25,6
1,518,3,2
1,519,2,1
1,522,173,26
1,523,26,0
1,524,67,15
1,531,740,50
1,532,268,32
1,533,1,0
1,541,1316,239
1,551,1,0
1,561,886,133
1,562,16,4
1,611,564,67
1,621,2335,160
1,622,28,4
1,623,41,2
1,624,324,4
1,711,44,6
1,712,7,1
1,713,468,20
1,721,109,46
1,722,7640,134
1,811,4207,152
1,812,3436,82
1,813,288,8
2,112,50,3
2,114,292,10
2,115,33,2
2,212,33,2
2,221,5,5
2,236,215,72
2,237,92,27
2,238,220,30
2,311,2216,39
2,312,703,25
2,313,22,3
2,314,82,12
2,315,513,48
2,316,25,8
2,321,351,15
2,322,157,23
2,323,459,59
2,324,4,2
2,325,79,18
2,326,165,40
2,327,361,23
2,331,30,5
2,332,1128,65
2,333,83,16
2,334,132,32
2,335,67,14
2,336,89,27
2,337,527,34
2,339,352,61
2,431,564,80
2,432,49,15
2,433,188,32
2,434,1632,196
2,435,659,134
2,436,82,15
2,437,5,1
2,461,15517,88
2,462,2205,256
2,463,4484,139
2,464,1973,181
2,465,4638,128
2,466,4887,190
2,467,2003,110
2,468,2747,251
2,469,1,2
2,482,2,0
2,483,4,1
2,484,239,108
2,485,67,9
2,487,24,2
2,488,458,64
2,491,1,0
2,492,27,9
2,493,29,4
2,511,27,5
2,512,15,33
2,515,53,6
2,517,44,9
2,518,7,3
2,519,16,1
2,522,440,92
2,523,464,3
2,524,235,31
2,531,1473,98
2,532,623,74
2,541,3346,311
2,551,1,0
2,561,1574,173
2,562,63,10
2,611,1514,130
2,621,5741,247
2,622,130,6
2,623,178,4
2,624,757,13
2,711,69,9
2,712,28,1
2,713,940,54
2,721,539,103
2,722,12231,286
2,811,10433,208
2,812,7820,128
2,813,694,17
3,112,22,5
3,114,691,5
3,115,11,1
3,212,28,5
3,213,1,0
3,221,3,2
3,236,96,108
3,237,23,18
3,238,77,6
3,311,881,23
3,312,302,3
3,313,5,0
3,314,28,0
3,315,137,7
3,316,3,0
3,321,219,8
3,322,22,3
3,323,100,11
3,325,13,1
3,326,20,2
3,327,145,8
3,332,474,11
3,333,8,1
3,335,2,1
3,336,9,0
3,337,158,10
3,339,60,6
3,431,196,34
3,432,6,3
3,433,52,8
3,434,422,54
3,435,155,26
3,436,20,6
3,461,3636,45
3,462,1293,34
3,463,1189,86
3,464,456,50
3,465,1567,51
3,466,869,72
3,467,635,57
3,468,717,61
3,469,2,0
3,483,15,1
3,484,57,5
3,485,25,14
3,487,111,44
3,488,64,8
3,491,1,0
3,492,5,3
3,493,3,0
3,511,11,5
3,512,5,9
3,515,7,2
3,517,16,1
3,518,1,1
3,519,4,2
3,522,145,19
3,523,3,1
3,524,37,2
3,531,490,66
3,532,215,82
3,533,1,0
3,541,821,122
3,561,411,77
3,562,20,0
3,611,378,29
3,621,931,61
3,622,28,1
3,623,24,0
3,624,216,2
3,711,18,3
3,712,12,3
3,713,360,37
3,721,298,129
3,722,4245,133
3,811,2941,59
3,812,1831,50
3,813,277,16
4,112,81,1
4,114,1040,0
4,115,1,1
4,211,5,0
4,212,5,1
4,213,5,1
4,221,11,0
4,236,71,29
4,237,68,18
4,238,44,8
4,311,1149,24
4,312,201,4
4,313,342,0
4,314,604,3
4,315,361,15
4,316,5,0
4,321,198,5
4,322,58,3
4,323,86,9
4,324,4,2
4,325,7,2
4,326,4,1
4,327,33,2
4,332,443,7
4,333,1,0
4,335,2,0
4,336,1,0
4,337,157,4
4,339,108,6
4,431,245,17
4,432,4,4
4,433,42,2
4,434,518,53
4,435,133,39
4,436,10,4
4,461,8308,31
4,462,569,15
4,463,1622,51
4,464,455,30
4,465,1646,44
4,466,765,42
4,467,622,38
4,468,542,57
4,469,2,0
4,483,5,0
4,484,33,5
4,485,35,4
4,487,5,0
4,488,61,14
4,491,1,0
4,492,8,1
4,493,7,3
4,511,15,2
4,512,5,5
4,515,16,5
4,517,40,8
4,518,5,0
4,519,5,0
4,522,176,22
4,524,41,2
4,531,234,13
4,532,187,18
4,541,651,83
4,551,1,0
4,561,535,73
4,562,18,2
4,611,360,37
4,621,924,62
4,622,11,1
4,623,20,0
4,624,206,6
4,711,40,2
4,712,1,0
4,713,347,7
4,721,311,59
4,722,4743,122
4,811,2581,56
4,812,1585,46
4,813,250,2
5,112,17,1
5,114,24,0
5,115,30,2
5,212,149,25
5,213,5,1
5,221,35,10
5,236,245,68
5,237,91,28
5,238,243,36
5,311,3571,56
5,312,293,10
5,313,11,0
5,314,96,13
5,315,426,28
5,316,29,1
5,321,465,18
5,322,147,15
5,323,440,56
5,324,6,1
5,325,86,18
5,326,100,34
5,327,386,29
5,331,62,19
5,332,1658,175
5,333,114,31
5,334,19,6
5,335,32,5
5,336,189,35
5,337,504,36
5,339,206,10
5,431,441,63
5,432,53,13
5,433,121,18
5,434,1710,208
5,435,538,155
5,436,80,10
5,437,4,1
5,461,17861,125
5,462,2606,210
5,463,3881,122
5,464,1691,79
5,465,4533,181
5,466,3011,178
5,467,2198,163
5,468,2167,266
5,481,1,1
5,482,1,0
5,484,267,91
5,485,141,20
5,486,3,0
5,487,3,1
5,488,160,25
5,491,1,0
5,492,15,9
5,493,8,2
5,511,32,8
5,512,23,22
5,515,52,6
5,517,75,10
5,518,3,0
5,519,11,0
5,522,516,68
5,523,105,1
5,524,151,30
5,531,1374,69
5,532,644,76
5,533,3,0
5,541,2302,306
5,551,8,0
5,561,1227,176
5,562,34,8
5,611,1203,136
5,621,3558,289
5,622,68,11
5,623,80,1
5,624,547,8
5,711,83,11
5,712,13,2
5,713,940,32
5,721,292,61
5,722,10877,245
5,811,8728,267
5,812,5769,141
5,813,636,10
6,112,64,1
6,114,238,1
6,115,17,0
6,212,42,2
6,221,6,3
6,236,106,43
6,237,37,19
6,238,68,15
6,311,1121,29
6,312,149,2
6,313,8,0
6,314,77,3
6,315,207,9
6,316,31,1
6,321,195,5
6,322,55,4
6,323,78,17
6,325,19,4
6,326,8,2
6,327,79,5
6,331,1,1
6,332,502,24
6,333,5,1
6,335,3,0
6,336,12,2
6,337,173,8
6,339,118,11
6,431,180,32
6,432,18,4
6,433,39,3
6,434,489,66
6,435,145,41
6,436,42,12
6,461,5160,34
6,462,620,9
6,463,1502,91
6,464,549,25
6,465,1646,58
6,466,1015,87
6,467,605,68
6,468,594,98
6,469,4,0
6,483,2,1
6,484,98,70
6,485,27,9
6,486,1,0
6,487,8,3
6,488,222,98
6,491,1,0
6,492,3,2
6,493,7,5
6,511,12,2
6,512,6,5
6,515,18,2
6,517,27,3
6,518,1,1
6,519,13,1
6,522,133,19
6,523,10,1
6,524,35,12
6,531,406,24
6,532,222,20
6,533,1,1
6,541,676,102
6,551,1,0
6,561,468,45
6,562,5,5
6,611,322,37
6,621,1157,84
6,622,17,2
6,623,66,0
6,624,258,14
6,711,39,3
6,712,4,1
6,713,281,9
6,721,244,48
6,722,5718,89
6,811,2777,94
6,812,2207,58
6,813,325,11
7,112,115,4
7,114,624,0
7,115,21,2
7,211,2,0
7,212,33,0
7,221,133,3
7,236,194,69
7,237,149,50
7,238,104,20
7,311,7993,35
7,312,1222,7
7,313,125,0
7,314,1639,5
7,315,2085,10
7,316,164,4
7,321,1038,6
7,322,313,4
7,323,533,33
7,324,3,1
7,325,37,3
7,326,20,4
7,327,1663,5
7,331,2,0
7,332,2875,10
7,333,25,2
7,334,2,1
7,335,9,0
7,336,30,7
7,337,1442,10
7,339,727,13
7,431,822,62
7,432,137,6
7,433,204,15
7,434,2814,117
7,435,529,49
7,436,56,9
7,461,52191,65
7,462,1120,56
7,463,12002,130
7,464,3366,112
7,465,9118,143
7,466,5710,108
7,467,2844,138
7,468,3052,163
7,469,9,0
7,481,2,0
7,483,19,1
7,484,257,8
7,485,511,9
7,487,28,11
7,488,125,7
7,491,1,0
7,492,16,1
7,493,32,1
7,511,28,3
7,512,25,11
7,515,95,3
7,517,205,4
7,518,3,0
7,519,8,0
7,522,713,51
7,523,8,6
7,524,103,9
7,531,1110,22
7,532,697,22
7,541,2638,112
7,551,4,0
7,561,3032,166
7,562,14,1
7,611,1244,70
7,621,4429,76
7,622,69,5
7,623,84,0
7,624,1045,4
7,711,467,3
7,712,18,1
7,713,1333,12
7,721,1440,156
7,722,25120,118
7,811,13160,72
7,812,7783,46
7,813,1326,15
8,112,9,0
8,114,23,0
8,115,33,3
8,212,74,3
8,213,10,1
8,221,80,8
8,236,218,53
8,237,91,25
8,238,251,37
8,311,2619,73
8,312,133,10
8,313,5,0
8,314,74,12
8,315,414,17
8,316,72,3
8,321,609,21
8,322,120,15
8,323,367,77
8,324,10,0
8,325,75,14
8,326,110,27
8,327,690,18
8,331,38,7
8,332,1476,74
8,333,121,36
8,334,71,16
8,335,44,10
8,336,167,41
8,337,685,44
8,339,226,30
8,431,632,93
8,432,79,17
8,433,133,22
8,434,1994,197
8,435,626,203
8,436,76,23
8,437,5,1
8,461,18647,152
8,462,1991,148
8,463,5780,203
8,464,2054,135
8,465,4755,172
8,466,4800,185
8,467,2405,157
8,468,3108,255
8,469,3,1
8,481,6,0
8,484,205,77
8,485,101,20
8,486,1,0
8,487,3,3
8,488,217,29
8,491,1,0
8,492,17,6
8,493,56,10
8,511,30,9
8,512,14,25
8,515,54,9
8,517,64,10
8,518,8,3
8,519,15,1
8,522,391,84
8,523,312,3
8,524,185,31
8,531,1094,74
8,532,488,34
8,533,1,1
8,541,2394,309
8,551,10,1
8,561,1131,174
8,562,34,8
8,611,1128,126
8,621,4183,224
8,622,69,7
8,623,151,0
8,624,773,23
8,711,60,3
8,712,15,0
8,713,1263,44
8,721,480,82
8,722,11973,256
8,811,11041,224
8,812,7047,153
8,813,685,25
9,112,9,0
9,114,2,0
9,115,12,1
9,211,4,0
9,212,11,0
9,213,11,3
9,221,59,1
9,236,502,133
9,237,201,32
9,238,927,69
9,311,11950,114
9,312,2480,15
9,313,135,12
9,314,457,31
9,315,1601,78
9,316,334,18
9,321,1465,34
9,322,327,46
9,323,3061,297
9,324,19,1
9,325,607,107
9,326,658,102
9,327,467,26
9,331,88,12
9,332,3603,151
9,333,272,55
9,334,70,16
9,335,134,34
9,336,168,19
9,337,1710,115
9,339,1398,97
9,431,2626,291
9,432,934,97
9,433,1403,194
9,434,6424,486
9,435,2854,636
9,436,208,29
9,437,40,13
9,461,83757,262
9,462,3031,753
9,463,23260,680
9,464,10585,522
9,465,35898,819
9,466,15450,558
9,467,12928,347
9,468,6803,490
9,469,25,17
9,481,21,16
9,482,4,1
9,483,7,4
9,484,547,99
9,485,133,45
9,486,10,0
9,487,23,6
9,488,701,161
9,491,1,0
9,492,65,15
9,493,65,10
9,511,229,81
9,512,202,144
9,515,90,11
9,517,244,42
9,518,49,20
9,519,47,9
9,522,834,177
9,523,164,68
9,524,538,90
9,531,3623,350
9,532,1565,124
9,533,15,2
9,541,11793,1704
9,551,150,10
9,561,7199,802
9,562,61,9
9,611,5758,628
9,621,16923,713
9,622,205,22
9,623,247,9
9,624,1995,28
9,711,427,29
9,712,73,7
9,713,3680,150
9,721,765,180
9,722,53613,1492
9,811,29255,440
9,812,29828,453
9,813,1746,131
10,112,17,0
10,114,10,0
10,115,12,1
10,212,123,6
10,213,11,2
10,221,43,5
10,236,121,25
10,237,86,12
10,238,86,6
10,311,1641,25
10,312,223,6
10,313,11,0
10,314,51,8
10,315,288,8
10,316,25,2
10,321,533,18
10,322,75,7
10,323,176,25
10,324,3,1
10,325,23,6
10,326,33,5
10,327,646,11
10,331,18,1
10,332,939,25
10,333,36,9
10,334,3,0
10,335,7,6
10,336,25,10
10,337,407,12
10,339,111,5
10,431,311,38
10,432,37,4
10,433,52,3
10,434,1097,46
10,435,202,44
10,436,23,10
10,437,3,2
10,461,11287,28
10,462,1115,76
10,463,2785,82
10,464,953,39
10,465,2998,51
10,466,1576,67
10,467,1312,53
10,468,1356,67
10,481,2,1
10,483,2,0
10,484,124,7
10,485,72,0
10,487,7,2
10,488,37,4
10,491,1,0
10,492,9,0
10,493,32,0
10,511,22,1
10,512,6,9
10,515,21,0
10,517,40,5
10,518,2,0
10,519,1,0
10,522,262,21
10,523,34,2
10,524,30,6
10,531,616,14
10,532,200,16
10,541,1138,90
10,551,5,0
10,561,722,50
10,562,10,2
10,611,431,27
10,621,1885,65
10,622,33,0
10,623,37,1
10,624,403,1
10,711,39,1
10,712,6,0
10,713,550,6
10,721,262,22
10,722,8163,59
10,811,5189,62
10,812,3071,41
10,813,497,13
11,112,7,0
11,114,56,0
11,115,38,1
11,212,59,3
11,213,2,0
11,221,40,12
11,236,301,54
11,237,171,38
11,238,295,38
11,311,8296,79
11,312,550,18
11,313,176,15
11,314,437,26
11,315,2844,66
11,316,5611,302
11,321,1490,19
11,322,287,31
11,323,988,98
11,324,12,1
11,325,359,56
11,326,920,112
11,327,1777,28
11,331,61,12
11,332,4238,147
11,333,329,41
11,334,15,2
11,335,50,9
11,336,195,40
11,337,1101,35
11,339,587,48
11,431,978,125
11,432,1578,201
11,433,276,27
11,434,4893,291
11,435,1080,212
11,436,130,28
11,437,7,0
11,461,47588,139
11,462,2007,128
11,463,18726,531
11,464,4166,153
11,465,14800,194
11,466,7700,203
11,467,6496,209
11,468,4065,396
11,469,15,0
11,483,1,0
11,484,180,43
11,485,174,41
11,486,1,0
11,487,16,4
11,488,214,25
11,491,1,0
11,492,28,1
11,493,57,14
11,511,44,16
11,512,16,26
11,515,37,6
11,517,173,14
11,518,5,2
11,519,16,3
11,522,860,183
11,523,130,0
11,524,152,26
11,531,2521,112
11,532,1427,69
11,533,1,0
11,541,4758,421
11,551,5,0
11,561,3332,279
11,562,60,3
11,611,2129,216
11,621,8849,307
11,622,123,13
11,623,164,2
11,624,1149,13
11,711,207,8
11,712,30,1
11,713,2160,39
11,721,777,236
11,722,28214,295
11,811,17183,261
11,812,13610,122
11,813,923,41
12,112,171,1
12,114,1467,0
12,115,6,0
12,212,301,5
12,213,1,0
12,221,89,0
12,236,88,15
12,237,48,23
12,238,55,3
12,311,8684,24
12,312,869,7
12,313,6897,2
12,314,5265,4
12,315,1458,7
12,316,279,2
12,321,986,10
12,322,287,5
12,323,269,23
12,325,107,4
12,326,31,2
12,327,1062,5
12,331,28,1
12,332,2060,9
12,333,10,0
12,334,3,0
12,335,4,0
12,336,14,0
12,337,876,4
12,339,3157,14
12,431,364,85
12,432,58,2
12,433,176,13
12,434,2005,73
12,435,241,33
12,436,20,1
12,461,33229,46
12,462,893,53
12,463,8859,80
12,464,1939,80
12,465,10222,91
12,466,3640,92
12,467,2544,56
12,468,1789,135
12,469,7,1
12,483,57,0
12,484,101,6
12,485,161,3
12,487,57,4
12,488,62,8
12,491,1,0
12,492,31,0
12,493,3,0
12,511,18,7
12,512,20,15
12,515,31,2
12,517,100,1
12,518,1,0
12,519,5,1
12,522,347,60
12,523,24,0
12,524,35,6
12,531,666,26
12,532,379,13
12,533,1,0
12,541,1464,81
12,561,1803,94
12,562,10,0
12,611,709,54
12,621,2950,73
12,622,52,3
12,623,39,2
12,624,736,8
12,711,145,5
12,712,8,0
12,713,1108,12
12,721,977,122
12,722,19571,147
12,811,8531,78
12,812,5682,50
12,813,768,11
13,112,142,3
13,114,28,0
13,115,6,0
13,212,118,13
13,221,73,11
13,236,74,68
13,237,52,47
13,238,95,14
13,311,6656,30
13,312,511,8
13,313,64,2
13,314,301,15
13,315,1355,29
13,316,297,3
13,321,864,16
13,322,66,4
13,323,370,31
13,324,6,1
13,325,115,16
13,326,60,13
13,327,952,19
13,331,20,7
13,332,1702,38
13,333,37,7
13,334,2,2
13,335,5,4
13,336,48,3
13,337,688,17
13,339,456,16
13,431,478,51
13,432,77,9
13,433,98,14
13,434,2259,94
13,435,347,53
13,436,59,7
13,461,24341,47
13,462,1172,17
13,463,6762,96
13,464,2511,67
13,465,8048,89
13,466,4221,101
13,467,4053,112
13,468,2421,163
13,469,12,0
13,481,1,0
13,483,2,0
13,484,84,34
13,485,85,8
13,487,9,4
13,488,77,6
13,491,1,0
13,492,12,3
13,493,6,1
13,511,22,5
13,512,16,9
13,515,28,3
13,517,129,11
13,518,4,0
13,519,12,1
13,522,386,40
13,523,25,6
13,524,77,8
13,531,931,21
13,532,636,20
13,541,2131,158
13,561,2035,83
13,562,18,1
13,611,1106,105
13,621,3640,103
13,622,56,4
13,623,41,2
13,624,389,2
13,711,110,10
13,712,13,0
13,713,965,22
13,721,607,63
13,722,14274,137
13,811,9266,122
13,812,6560,63
13,813,628,4
14,112,165,5
14,114,219,0
14,115,59,5
14,212,64,8
14,213,3,1
14,221,119,6
14,236,606,118
14,237,256,33
14,238,423,81
14,311,10401,187
14,312,1950,53
14,313,107,9
14,314,466,41
14,315,2000,82
14,316,1132,68
14,321,2070,46
14,322,387,58
14,323,1233,185
14,324,21,4
14,325,528,83
14,326,676,143
14,327,3457,63
14,331,122,17
14,332,5148,206
14,333,327,64
14,334,75,22
14,335,99,27
14,336,155,39
14,337,2586,150
14,339,1130,85
14,431,2149,278
14,432,603,90
14,433,711,134
14,434,6732,613
14,435,1897,449
14,436,245,63
14,437,15,4
14,461,63433,293
14,462,3127,309
14,463,22107,740
14,464,6639,290
14,465,20581,553
14,466,10335,486
14,467,9374,351
14,468,6262,686
14,469,14,6
14,481,4,0
14,483,37,2
14,484,305,116
14,485,150,11
14,486,1,0
14,487,122,11
14,488,395,72
14,491,1,0
14,492,56,14
14,493,121,23
14,511,74,22
14,512,47,55
14,515,57,10
14,517,218,21
14,518,7,4
14,519,25,2
14,522,1231,157
14,523,229,7
14,524,289,56
14,531,3382,230
14,532,1242,151
14,533,1,1
14,541,6669,864
14,551,18,3
14,561,4210,556
14,562,65,12
14,611,3332,434
14,621,11594,486
14,622,209,26
14,623,264,5
14,624,1414,27
14,711,260,20
14,712,52,1
14,713,3449,87
14,721,1411,310
14,722,41898,833
14,811,25461,476
14,812,22475,347
14,813,1392,59
15,112,227,0
15,114,48,0
15,115,34,2
15,212,106,7
15,213,1,0
15,221,168,14
15,236,255,49
15,237,130,25
15,238,726,41
15,311,26963,107
15,312,4503,23
15,313,273,26
15,314,845,24
15,315,4077,61
15,316,561,15
15,321,3092,22
15,322,457,45
15,323,1962,151
15,324,37,6
15,325,747,107
15,326,870,108
15,327,2533,59
15,331,176,38
15,332,7823,185
15,333,274,62
15,334,41,17
15,335,142,25
15,336,288,32
15,337,3073,62
15,339,1856,72
15,431,1710,373
15,432,682,51
15,433,668,85
15,434,11284,422
15,435,1944,298
15,436,265,38
15,437,16,3
15,461,156717,263
15,462,3897,348
15,463,32363,466
15,464,15429,354
15,465,50438,463
15,466,17047,350
15,467,25611,338
15,468,10367,492
15,469,37,1
15,481,13,4
15,483,6,0
15,484,540,131
15,485,219,16
15,486,1,0
15,487,21,6
15,488,342,30
15,491,1,0
15,492,46,11
15,493,48,8
15,511,84,14
15,512,44,113
15,515,45,4
15,517,386,19
15,518,6,4
15,519,32,1
15,522,1260,143
15,523,35,2
15,524,213,19
15,531,3733,140
15,532,2728,79
15,541,9039,469
15,551,18,1
15,561,11118,521
15,562,82,9
15,611,7428,423
15,621,17566,372
15,622,237,17
15,623,145,3
15,624,2540,17
15,711,484,10
15,712,20,2
15,713,6362,86
15,721,1037,136
15,722,69191,705
15,811,47071,394
15,812,39869,225
15,813,1807,27
16,112,342,0
16,114,420,0
16,115,75,5
16,212,118,6
16,213,4,0
16,221,147,8
16,236,176,28
16,237,121,20
16,238,194,21
16,311,11024,65
16,312,593,14
16,313,276,0
16,314,2678,17
16,315,1752,34
16,316,1049,26
16,321,3823,17
16,322,120,6
16,323,550,58
16,324,1,0
16,325,152,19
16,326,110,16
16,327,5518,19
16,331,31,1
16,332,3640,34
16,333,61,4
16,334,5,0
16,335,15,3
16,336,48,3
16,337,3335,31
16,339,2432,28
16,431,1163,125
16,432,127,10
16,433,207,13
16,434,4330,216
16,435,666,87
16,436,72,12
16,437,4,0
16,461,46234,125
16,462,1804,52
16,463,15625,263
16,464,4320,144
16,465,11898,187
16,466,6941,217
16,467,5608,153
16,468,3658,223
16,469,21,0
16,481,1,0
16,483,2,0
16,484,165,28
16,485,166,7
16,486,1,0
16,487,12,4
16,488,192,37
16,491,1,0
16,492,20,7
16,493,41,3
16,511,34,8
16,512,16,22
16,515,73,5
16,517,158,13
16,518,1,2
16,519,26,2
16,522,628,87
16,523,137,2
16,524,117,10
16,531,2021,32
16,532,1103,36
16,533,2,0
16,541,4062,235
16,551,2,0
16,561,2657,220
16,562,17,0
16,611,1832,147
16,621,9016,206
16,622,127,6
16,623,131,3
16,624,1099,9
16,711,235,7
16,712,14,0
16,713,2785,30
16,721,836,119
16,722,28290,205
16,811,16488,172
16,812,11725,152
16,813,1103,16
17,112,287,1
17,114,26,0
17,115,8,0
17,212,22,0
17,221,133,7
17,236,66,13
17,237,27,4
17,238,87,9
17,311,5096,29
17,312,438,6
17,313,21,2
17,314,151,7
17,315,539,12
17,316,103,7
17,321,502,1
17,322,38,2
17,323,222,25
17,325,102,13
17,326,65,6
17,327,500,16
17,331,4,1
17,332,1415,21
17,333,23,7
17,334,3,0
17,335,15,2
17,336,24,2
17,337,356,8
17,339,180,12
17,431,408,32
17,432,47,2
17,433,120,3
17,434,1730,66
17,435,242,39
17,436,33,3
17,461,21366,28
17,462,734,33
17,463,4637,70
17,464,1593,70
17,465,7028,76
17,466,4135,91
17,467,2545,49
17,468,1457,89
17,469,7,1
17,483,3,0
17,484,53,8
17,485,107,3
17,487,9,1
17,488,44,3
17,491,1,0
17,492,7,1
17,493,5,2
17,511,17,2
17,512,11,16
17,515,24,3
17,517,68,8
17,519,8,1
17,522,225,54
17,523,22,1
17,524,107,7
17,531,718,34
17,532,380,8
17,533,2,0
17,541,1665,107
17,561,1273,73
17,562,9,1
17,611,1170,81
17,621,2970,71
17,622,47,4
17,623,62,1
17,624,600,8
17,711,72,2
17,712,16,0
17,713,963,18
17,721,560,83
17,722,13580,142
17,811,6936,82
17,812,5923,73
17,813,492,14
18,112,260,2
18,114,1029,1
18,115,28,2
18,212,27,2
18,221,31,7
18,236,146,7
18,237,65,4
18,238,63,9
18,311,2031,49
18,312,329,4
18,313,17,0
18,314,55,6
18,315,307,13
18,316,77,2
18,321,420,9
18,322,98,4
18,323,148,34
18,324,1,0
18,325,23,5
18,326,12,0
18,327,323,9
18,331,1,0
18,332,777,18
18,333,8,0
18,336,12,0
18,337,285,11
18,339,334,13
18,431,281,38
18,432,13,2
18,433,45,5
18,434,707,61
18,435,148,25
18,436,28,5
18,461,9097,37
18,462,1685,15
18,463,2752,108
18,464,865,25
18,465,2731,58
18,466,1617,67
18,467,1046,77
18,468,1015,78
18,469,10,0
18,483,18,0
18,484,27,9
18,485,63,8
18,487,17,5
18,488,43,1
18,491,1,0
18,492,6,1
18,493,12,0
18,511,10,1
18,512,10,8
18,515,8,3
18,517,38,0
18,519,7,1
18,522,219,55
18,523,20,0
18,524,41,6
18,531,664,48
18,532,263,33
18,541,980,86
18,551,1,1
18,561,621,54
18,562,4,1
18,611,480,50
18,621,1808,97
18,622,20,2
18,623,53,2
18,624,394,5
18,711,85,1
18,712,9,3
18,713,535,14
18,721,633,131
18,722,10678,103
18,811,4481,83
18,812,3550,79
18,813,555,18
19,112,16,0
19,114,2,0
19,115,18,4
19,212,31,7
19,213,4,0
19,221,14,1
19,236,292,207
19,237,115,77
19,238,400,97
19,311,3418,140
19,312,134,14
19,313,20,1
19,314,139,30
19,315,543,49
19,316,64,10
19,321,730,46
19,322,284,65
19,323,801,175
19,324,30,12
19,325,335,68
19,326,400,107
19,327,424,55
19,331,189,57
19,332,2965,362
19,333,290,105
19,334,50,17
19,335,112,42
19,336,209,68
19,337,939,109
19,339,335,58
19,431,981,217
19,432,119,32
19,433,289,78
19,434,3302,562
19,435,1317,470
19,436,174,63
19,437,14,2
19,461,25168,354
19,462,3598,834
19,463,4633,237
19,464,2485,204
19,465,6774,391
19,466,4194,398
19,467,3706,285
19,468,3388,538
19,469,5,1
19,481,6,4
19,484,464,280
19,485,116,29
19,486,2,0
19,487,10,3
19,488,274,61
19,491,1,0
19,492,40,19
19,493,38,9
19,511,52,21
19,512,39,66
19,515,18,5
19,517,98,18
19,518,11,10
19,519,10,3
19,522,911,189
19,523,153,10
19,524,263,49
19,531,1706,212
19,532,1026,157
19,533,1,2
19,541,3899,769
19,551,65,7
19,561,2312,457
19,562,75,18
19,611,2093,328
19,621,5833,725
19,622,189,26
19,623,129,14
19,624,532,18
19,711,110,30
19,712,26,1
19,713,1432,82
19,721,328,73
19,722,18906,690
19,811,13486,511
19,812,10914,305
19,813,555,25
20,112,164,1
20,114,3552,1
20,115,24,2
20,212,14,4
20,221,612,2
20,236,204,24
20,237,191,30
20,238,96,7
20,311,21450,43
20,312,1309,19
20,313,5480,5
20,314,8343,27
20,315,3892,29
20,316,346,4
20,321,2498,18
20,322,266,5
20,323,422,44
20,324,5,0
20,325,156,3
20,326,49,5
20,327,1820,15
20,331,1,1
20,332,3165,16
20,333,15,0
20,334,1,0
20,335,4,1
20,336,46,0
20,337,1582,7
20,339,917,14
20,431,728,77
20,432,94,10
20,433,127,8
20,434,2583,107
20,435,442,72
20,436,45,5
20,437,1,0
20,461,50508,72
20,462,1523,53
20,463,10312,94
20,464,2752,72
20,465,10505,118
20,466,4225,116
20,467,3577,202
20,468,2761,116
20,469,13,0
20,483,16,0
20,484,113,8
20,485,377,10
20,487,90,9
20,488,89,5
20,491,1,0
20,492,47,5
20,493,3,0
20,511,29,3
20,512,17,9
20,515,117,8
20,517,152,9
20,518,3,1
20,519,23,5
20,522,652,142
20,523,16,2
20,524,82,10
20,531,693,32
20,532,807,22
20,541,2666,175
20,551,1,0
20,561,2905,125
20,562,12,0
20,611,1132,60
20,621,5005,105
20,622,58,6
20,623,48,2
20,624,1097,3
20,711,318,8
20,712,44,0
20,713,1122,15
20,721,1486,235
20,722,30441,139
20,811,11052,92
20,812,7611,49
20,813,1274,12
21,112,180,2
21,114,83,0
21,115,50,0
21,212,716,14
21,213,2,0
21,221,286,9
21,236,320,44
21,237,157,44
21,238,253,33
21,311,17885,73
21,312,1381,8
21,313,3197,33
21,314,1620,14
21,315,5438,74
21,316,464,7
21,321,2944,15
21,322,401,16
21,323,880,74
21,324,9,3
21,325,246,21
21,326,183,26
21,327,6228,42
21,331,46,11
21,332,4618,83
21,333,145,20
21,334,16,3
21,335,39,2
21,336,242,34
21,337,1548,29
21,339,1941,32
21,431,1153,117
21,432,214,20
21,433,259,34
21,434,5330,211
21,435,1063,187
21,436,89,29
21,437,8,0
21,461,70742,98
21,462,2298,62
21,463,14416,216
21,464,5052,162
21,465,18820,199
21,466,9731,196
21,467,7866,189
21,468,4580,258
21,469,14,1
21,481,1,0
21,483,6,0
21,484,237,34
21,485,372,10
21,487,16,3
21,488,225,18
21,491,1,0
21,492,60,9
21,493,18,0
21,511,40,10
21,512,46,27
21,515,68,8
21,517,190,19
21,518,8,2
21,519,20,1
21,522,848,91
21,523,44,2
21,524,134,9
21,531,1894,83
21,532,1618,43
21,541,4490,338
21,551,3,0
21,561,4341,206
21,562,33,3
21,611,2948,230
21,621,8413,237
21,622,105,12
21,623,89,1
21,624,868,5
21,711,581,9
21,712,39,3
21,713,2239,29
21,721,1091,159
21,722,32555,437
21,811,20330,193
21,812,14945,121
21,813,997,20
22,112,21,0
22,114,21,0
22,115,7,3
22,212,203,1
22,213,1,0
22,221,27,9
22,236,153,51
22,237,60,19
22,238,154,32
22,311,2414,54
22,312,133,8
22,313,57,3
22,314,154,19
22,315,291,24
22,316,32,1
22,321,698,25
22,322,81,23
22,323,295,79
22,324,7,1
22,325,130,26
22,326,179,44
22,327,433,22
22,331,22,3
22,332,1245,139
22,333,112,34
22,334,34,3
22,335,36,12
22,336,141,44
22,337,340,32
22,339,196,23
22,431,395,47
22,432,49,13
22,433,137,26
22,434,1569,263
22,435,654,261
22,436,76,32
22,437,8,0
22,461,13036,88
22,462,1246,56
22,463,4520,147
22,464,1607,75
22,465,5579,215
22,466,2744,168
22,467,2485,198
22,468,1476,273
22,469,10,0
22,481,1,1
22,484,148,36
22,485,55,8
22,486,1,0
22,487,2,1
22,488,128,35
22,491,1,0
22,492,14,2
22,493,12,2
22,511,18,9
22,512,12,22
22,515,15,3
22,517,55,13
22,518,3,6
22,519,12,6
22,522,399,68
22,523,36,2
22,524,84,25
22,531,736,98
22,532,500,58
22,533,2,2
22,541,1913,424
22,551,7,1
22,561,1340,215
22,562,26,8
22,611,1044,227
22,621,3364,368
22,622,87,9
22,623,78,3
22,624,340,20
22,711,43,6
22,712,16,2
22,713,632,41
22,721,289,137
22,722,10637,376
22,811,5495,290
22,812,4670,191
22,813,402,28
23,112,10,0
23,114,115,0
23,115,4,3
23,212,4,1
23,221,10,2
23,236,97,14
23,237,34,4
23,238,54,17
23,311,1280,14
23,312,150,4
23,313,7,0
23,314,67,1
23,315,247,6
23,316,7,0
23,321,265,6
23,322,37,3
23,323,127,22
23,324,2,0
23,325,16,3
23,326,16,0
23,327,62,13
23,332,486,13
23,333,12,2
23,335,4,0
23,336,3,1
23,337,238,11
23,339,68,6
23,431,254,42
23,432,34,9
23,433,99,16
23,434,698,78
23,435,237,66
23,436,20,8
23,437,3,0
23,461,9685,54
23,462,1930,116
23,463,2142,144
23,464,1088,92
23,465,3884,203
23,466,1283,86
23,467,1113,77
23,468,837,91
23,469,2,1
23,481,1,2
23,483,23,1
23,484,22,2
23,485,32,2
23,487,33,7
23,488,78,10
23,491,1,0
23,492,12,4
23,493,5,1
23,511,23,9
23,512,13,19
23,515,21,2
23,517,43,4
23,518,1,1
23,519,8,0
23,522,267,46
23,523,90,2
23,524,48,7
23,531,568,110
23,532,392,212
23,541,1132,200
23,551,3,0
23,561,1088,230
23,562,13,3
23,611,602,80
23,621,1274,126
23,622,34,5
23,623,15,2
23,624,338,8
23,711,26,4
23,712,40,28
23,713,670,59
23,721,837,397
23,722,8384,252
23,811,3780,95
23,812,3299,113
23,813,398,23
24,112,34,0
24,114,65,0
24,115,17,1
24,212,126,6
24,213,6,1
24,221,85,4
24,236,221,29
24,237,89,15
24,238,126,24
24,311,3587,51
24,312,522,11
24,313,31,3
24,314,130,15
24,315,453,22
24,316,59,4
24,321,704,13
24,322,126,11
24,323,334,72
24,324,2,0
24,325,94,15
24,326,69,18
24,327,574,23
24,331,55,9
24,332,1822,79
24,333,54,19
24,334,10,2
24,335,29,4
24,336,96,30
24,337,569,31
24,339,197,13
24,431,697,65
24,432,44,8
24,433,132,18
24,434,1873,137
24,435,432,118
24,436,75,15
24,437,3,0
24,461,18987,96
24,462,939,39
24,463,5549,112
24,464,1501,98
24,465,5994,113
24,466,3481,137
24,467,2313,98
24,468,1847,138
24,469,7,0
24,481,2,0
24,483,7,1
24,484,141,28
24,485,75,6
24,487,19,1
24,488,100,20
24,491,1,0
24,492,6,0
24,493,10,4
24,511,24,7
24,512,11,12
24,515,27,3
24,517,71,9
24,518,3,1
24,519,17,2
24,522,338,50
24,523,42,1
24,524,73,11
24,531,1166,74
24,532,560,38
24,533,2,0
24,541,1975,216
24,551,2,1
24,561,1487,143
24,562,23,7
24,611,1053,95
24,621,3700,159
24,622,50,3
24,623,69,4
24,624,429,8
24,711,124,7
24,712,12,0
24,713,888,24
24,721,459,94
24,722,13437,173
24,811,7687,163
24,812,5724,104
24,813,598,15
25,112,483,20
25,114,1718,29
25,115,63,8
25,212,51,5
25,213,6,1
25,221,11,7
25,236,240,65
25,237,115,54
25,238,214,37
25,311,4101,61
25,312,1130,17
25,313,16,0
25,314,102,12
25,315,853,20
25,316,49,0
25,321,608,5
25,322,162,9
25,323,327,43
25,324,2,1
25,325,104,15
25,326,71,2
25,327,554,16
25,331,11,3
25,332,1714,37
25,333,60,10
25,334,5,3
25,335,5,0
25,336,45,5
25,337,642,15
25,339,254,22
25,431,768,99
25,432,63,12
25,433,168,16
25,434,2025,212
25,435,572,102
25,436,84,15
25,437,8,0
25,461,20059,94
25,462,1759,32
25,463,4765,164
25,464,1817,76
25,465,4133,109
25,466,2642,128
25,467,1920,122
25,468,2444,229
25,469,8,1
25,481,5,1
25,483,4,0
25,484,149,29
25,485,112,6
25,487,12,2
25,488,120,21
25,491,1,0
25,492,23,1
25,493,35,10
25,511,15,8
25,512,12,28
25,515,35,13
25,517,53,3
25,518,9,0
25,519,5,1
25,522,583,107
25,523,120,2
25,524,217,32
25,531,1098,71
25,532,793,50
25,533,4,1
25,541,2224,263
25,551,10,1
25,561,1188,120
25,562,19,6
25,611,934,95
25,621,4646,239
25,622,44,4
25,623,88,0
25,624,814,10
25,711,196,18
25,712,17,0
25,713,979,26
25,721,412,119
25,722,13346,224
25,811,10665,186
25,812,7059,113
25,813,801,26
26,112,117,8
26,114,848,4
26,115,73,10
26,212,87,20
26,213,29,9
26,221,63,14
26,236,257,64
26,237,128,49
26,238,259,50
26,311,4987,72
26,312,966,9
26,313,7,3
26,314,93,12
26,315,565,20
26,316,68,4
26,321,585,21
26,322,127,9
26,323,376,62
26,324,2,1
26,325,72,13
26,326,59,16
26,327,538,21
26,331,34,6
26,332,1669,61
26,333,66,14
26,334,51,15
26,335,32,6
26,336,74,42
26,337,665,22
26,339,245,35
26,431,660,104
26,432,48,17
26,433,172,38
26,434,1836,214
26,435,602,193
26,436,113,28
26,437,8,1
26,461,15340,80
26,462,3055,154
26,463,3334,130
26,464,1593,108
26,465,3306,132
26,466,3336,214
26,467,1911,157
26,468,2540,303
26,469,5,0
26,481,2,0
26,483,2,0
26,484,263,36
26,485,110,9
26,486,1,0
26,487,3,2
26,488,217,41
26,491,1,0
26,492,17,3
26,493,23,8
26,511,54,23
26,512,10,21
26,515,52,12
26,517,49,6
26,518,10,3
26,519,10,0
26,522,556,112
26,523,260,2
26,524,186,36
26,531,1262,114
26,532,672,68
26,533,1,0
26,541,2504,433
26,551,3,1
26,561,1030,145
26,562,54,4
26,611,1030,160
26,621,3802,405
26,622,61,4
26,623,131,3
26,624,749,22
26,711,120,8
26,712,15,1
26,713,829,36
26,721,558,86
26,722,11201,265
26,811,10532,285
26,812,6482,157
26,813,832,33
27,112,168,2
27,114,2875,0
27,115,14,0
27,211,9,0
27,212,11,5
27,213,7,5
27,221,17,1
27,236,86,44
27,237,60,28
27,238,87,8
27,311,2290,26
27,312,439,7
27,313,20,0
27,314,107,1
27,315,785,15
27,316,30,2
27,321,605,5
27,322,203,3
27,323,227,38
27,324,7,0
27,325,39,3
27,326,12,2
27,327,201,2
27,331,3,1
27,332,1224,11
27,333,7,4
27,335,2,0
27,336,11,2
27,337,460,3
27,339,176,6
27,431,265,25
27,432,38,9
27,433,85,10
27,434,1168,81
27,435,258,52
27,436,28,7
27,437,2,2
27,461,15733,24
27,462,1407,104
27,463,3256,92
27,464,1240,98
27,465,3032,58
27,466,1716,61
27,467,1310,38
27,468,1312,115
27,469,3,1
27,483,26,1
27,484,72,12
27,485,179,3
27,486,2,0
27,487,18,1
27,488,75,4
27,491,1,0
27,492,3,1
27,493,7,1
27,511,17,1
27,512,11,14
27,515,22,2
27,517,76,1
27,518,9,0
27,519,1,0
27,522,336,40
27,524,63,8
27,531,458,9
27,532,451,27
27,533,1,0
27,541,1333,124
27,551,3,0
27,561,1136,90
27,562,19,4
27,611,550,51
27,621,2432,83
27,622,35,4
27,623,15,0
27,624,366,3
27,711,99,5
27,712,3,0
27,713,650,14
27,721,427,36
27,722,10903,84
27,811,6811,116
27,812,3743,57
27,813,421,10
28,112,41,0
28,114,813,0
28,115,15,1
28,211,1,0
28,212,11,0
28,213,5,0
28,221,43,6
28,236,247,92
28,237,153,36
28,238,153,26
28,311,3079,40
28,312,543,5
28,313,7,1
28,314,116,4
28,315,454,10
28,316,12,1
28,321,529,17
28,322,196,11
28,323,421,66
28,324,9,0
28,325,70,10
28,326,64,13
28,327,301,16
28,331,20,1
28,332,1730,58
28,333,32,9
28,334,48,14
28,335,33,7
28,336,108,21
28,337,491,11
28,339,248,18
28,431,438,61
28,432,27,6
28,433,127,26
28,434,1518,148
28,435,420,86
28,436,50,13
28,437,3,1
28,461,18576,108
28,462,3486,381
28,463,4606,117
28,464,2004,158
28,465,5137,123
28,466,6826,182
28,467,2337,127
28,468,2688,273
28,469,3,0
28,481,2,1
28,483,6,0
28,484,314,208
28,485,132,12
28,486,3,0
28,487,2,1
28,488,655,174
28,491,1,0
28,492,14,7
28,493,73,16
28,511,35,6
28,512,10,24
28,515,51,8
28,517,68,7
28,518,7,0
28,519,5,0
28,522,413,98
28,523,324,5
28,524,144,24
28,531,1240,53
28,532,542,42
28,541,2181,200
28,551,3,0
28,561,1150,112
28,562,30,5
28,611,1401,112
28,621,4617,149
28,622,91,3
28,623,70,1
28,624,390,9
28,711,86,8
28,712,6,0
28,713,1178,21
28,721,566,65
28,722,13445,172
28,811,12719,183
28,812,7507,91
28,813,730,18
29,112,167,1
29,114,9,0
29,115,2,0
29,212,11,0
29,221,61,0
29,236,35,18
29,237,22,12
29,238,39,5
29,311,5581,10
29,312,310,2
29,313,104,9
29,314,372,10
29,315,1837,14
29,316,81,0
29,321,554,5
29,322,45,2
29,323,232,21
29,324,2,0
29,325,53,7
29,326,54,5
29,327,503,14
29,331,35,3
29,332,1113,22
29,333,13,2
29,334,9,0
29,335,17,4
29,336,32,7
29,337,317,6
29,339,252,12
29,431,122,19
29,432,51,1
29,433,60,3
29,434,1360,37
29,435,169,9
29,436,20,2
29,437,1,0
29,461,17688,26
29,462,353,9
29,463,3661,29
29,464,1073,30
29,465,5092,36
29,466,1919,21
29,467,2156,43
29,468,1141,47
29,469,2,0
29,484,26,16
29,485,54,3
29,486,1,0
29,487,5,1
29,488,34,3
29,491,1,0
29,492,2,2
29,493,3,0
29,511,14,1
29,512,8,4
29,515,3,2
29,517,46,6
29,519,3,2
29,522,138,13
29,523,3,0
29,524,20,4
29,531,408,11
29,532,522,9
29,541,870,37
29,551,1,0
29,561,1011,46
29,562,11,0
29,611,587,33
29,621,1658,59
29,622,28,0
29,623,12,1
29,624,268,2
29,711,134,1
29,712,8,0
29,713,624,1
29,721,312,21
29,722,6651,64
29,811,4953,46
29,812,3454,15
29,813,203,3
30,112,152,2
30,114,2089,1
30,115,77,0
30,211,5,0
30,212,35,10
30,213,10,0
30,221,198,17
30,236,213,42
30,237,206,58
30,238,220,31
30,311,12623,100
30,312,1491,29
30,313,58,1
30,314,282,23
30,315,1957,31
30,316,650,12
30,321,1911,15
30,322,398,7
30,323,763,87
30,324,6,0
30,325,152,20
30,326,65,9
30,327,814,29
30,331,17,6
30,332,4048,36
30,333,42,9
30,334,14,1
30,335,8,2
30,336,86,2
30,337,2450,19
30,339,806,35
30,431,1120,123
30,432,119,11
30,433,229,36
30,434,4427,286
30,435,770,125
30,436,103,19
30,437,6,1
30,461,65854,143
30,462,3506,181
30,463,14022,248
30,464,4795,248
30,465,14292,270
30,466,7908,253
30,467,5759,201
30,468,4358,450
30,469,15,2
30,481,4,0
30,483,54,1
30,484,236,70
30,485,170,9
30,486,6,0
30,487,53,5
30,488,375,111
30,491,1,0
30,492,11,1
30,493,19,6
30,511,71,15
30,512,22,37
30,515,82,6
30,517,239,14
30,518,15,2
30,519,22,4
30,522,1049,169
30,523,11,2
30,524,217,31
30,531,1938,83
30,532,1085,37
30,533,1,1
30,541,4397,323
30,551,6,2
30,561,3714,272
30,562,36,7
30,611,2701,262
30,621,8675,325
30,622,98,19
30,623,105,0
30,624,1725,12
30,711,303,9
30,712,32,1
30,713,2362,66
30,721,1782,206
30,722,41614,451
30,811,23220,356
30,812,14200,210
30,813,2056,38
31,112,21,0
31,114,1023,1
31,115,218,1
31,212,49,0
31,221,109,3
31,236,271,55
31,237,99,16
31,238,125,43
31,311,4232,51
31,312,419,10
31,313,392,5
31,314,14002,18
31,315,2741,52
31,316,648,9
31,321,709,13
31,322,156,4
31,323,260,63
31,324,7,0
31,325,76,11
31,326,61,18
31,327,321,21
31,331,10,0
31,332,1346,45
31,333,31,6
31,334,3,0
31,335,9,2
31,336,28,5
31,337,612,22
31,339,274,23
31,431,394,44
31,432,89,16
31,433,136,29
31,434,1717,149
31,435,370,122
31,436,44,14
31,437,3,0
31,461,20793,74
31,462,1329,102
31,463,3756,168
31,464,1308,63
31,465,4542,180
31,466,2107,194
31,467,1840,117
31,468,1461,186
31,469,5,0
31,481,4,0
31,483,1,0
31,484,84,25
31,485,79,6
31,487,30,3
31,488,98,17
31,491,1,0
31,492,11,5
31,493,10,3
31,511,27,6
31,512,23,23
31,515,18,1
31,517,82,13
31,518,3,4
31,519,9,1
31,522,641,49
31,523,25,1
31,524,99,34
31,531,983,80
31,532,585,65
31,533,1,0
31,541,1784,361
31,551,5,0
31,561,1176,223
31,562,24,9
31,611,1252,147
31,621,3171,253
31,622,35,4
31,623,71,3
31,624,602,14
31,711,122,12
31,712,33,1
31,713,1252,35
31,721,547,159
31,722,14283,342
31,811,7486,237
31,812,4961,151
31,813,477,20
32,112,30,0
32,114,106,0
32,115,7,0
32,212,85,6
32,213,14,1
32,221,48,12
32,236,65,75
32,237,32,47
32,238,55,9
32,311,2059,16
32,312,297,3
32,313,9,0
32,314,56,5
32,315,304,10
32,316,52,4
32,321,603,7
32,322,65,2
32,323,171,29
32,325,31,3
32,326,7,2
32,327,579,11
32,331,11,0
32,332,1161,14
32,333,17,1
32,334,3,0
32,335,3,1
32,336,32,2
32,337,295,10
32,339,171,17
32,431,305,37
32,432,28,5
32,433,39,3
32,434,1193,51
32,435,205,50
32,436,23,10
32,461,11804,29
32,462,698,46
32,463,4258,58
32,464,1027,46
32,465,3425,42
32,466,1910,46
32,467,1499,48
32,468,1189,101
32,469,4,2
32,481,1,0
32,484,76,4
32,485,71,1
32,487,15,1
32,488,37,4
32,491,1,0
32,492,1,2
32,493,4,0
32,511,14,3
32,512,13,6
32,515,12,3
32,517,54,4
32,519,4,2
32,522,121,40
32,523,63,0
32,524,27,4
32,531,626,14
32,532,348,14
32,541,1140,85
32,561,703,44
32,562,2,0
32,611,402,30
32,621,2388,90
32,622,20,2
32,623,29,0
32,624,397,1
32,711,75,4
32,712,7,0
32,713,688,10
32,721,280,40
32,722,7206,61
32,811,4885,65
32,812,3221,41
32,813,375,11
3,437,0,1
3,481,0,1
4,481,0,1
7,437,0,1
9,521,0,1
13,437,0,1
15,482,0,1
17,518,0,1
18,334,0,1
20,481,0,2
23,331,0,1
23,533,0,1